enzyme_concentration,keff,experiment_id
5,0.006106144030710714,surface_exp_1
10,0.0119165266156151,surface_exp_1
20,0.021951940906139722,surface_exp_1
40,0.029556137355346835,surface_exp_1
80,0.0496847453206773,surface_exp_1
160,0.05589798447679876,surface_exp_1
320,0.07052386485727577,surface_exp_1
